Unnamed: 0,work_year,experience_level,employment_type,job_title,salary,salary_currency,salary_in_usd,employee_residence,remote_ratio,company_location,company_size,job_title_clean,employee_residence_clean,company_location_clean,log_salary_usd,remote_type,salary_class
0,2020,MI,FT,Data Scientist,70000,EUR,79833,DE,0,DE,L,Data Scientist,DE,DE,11.28770475786082,Presencial,2
1,2020,SE,FT,Machine Learning Scientist,260000,USD,260000,JP,0,JP,S,Other,Other,Other,12.468440756144114,Presencial,0
2,2020,SE,FT,Big Data Engineer,85000,GBP,109024,GB,50,GB,M,Other,GB,GB,11.599332492710968,Híbrido,2
3,2020,MI,FT,Product Data Analyst,20000,USD,20000,HN,0,HN,S,Other,Other,Other,9.90353755128617,Presencial,1
4,2020,SE,FT,Machine Learning Engineer,150000,USD,150000,US,50,US,L,Machine Learning Engineer,US,US,11.918397239722838,Híbrido,0
5,2020,EN,FT,Data Analyst,72000,USD,72000,US,100,US,L,Data Analyst,US,US,11.184435286790633,Remoto Total,1
6,2020,SE,FT,Lead Data Scientist,190000,USD,190000,US,100,US,S,Other,US,US,12.154784614286667,Remoto Total,0
7,2020,MI,FT,Data Scientist,11000000,HUF,35735,HU,50,HU,L,Data Scientist,Other,Other,10.483913863031956,Híbrido,1
8,2020,MI,FT,Business Data Analyst,135000,USD,135000,US,100,US,L,Other,US,US,11.81303746480054,Remoto Total,0
9,2020,SE,FT,Lead Data Engineer,125000,USD,125000,NZ,50,NZ,S,Other,Other,Other,11.736077016252436,Híbrido,2
10,2020,EN,FT,Data Scientist,45000,EUR,51321,FR,0,FR,S,Data Scientist,Other,Other,10.845874789131557,Presencial,1
11,2020,MI,FT,Data Scientist,3000000,INR,40481,IN,0,IN,L,Data Scientist,IN,IN,10.60861270985548,Presencial,1
12,2020,EN,FT,Data Scientist,35000,EUR,39916,FR,0,FR,M,Data Scientist,Other,Other,10.594557577300874,Presencial,1
13,2020,MI,FT,Lead Data Analyst,87000,USD,87000,US,100,US,L,Other,US,US,11.373674891823535,Remoto Total,2
14,2020,MI,FT,Data Analyst,85000,USD,85000,US,100,US,L,Data Analyst,US,US,11.350418300109132,Remoto Total,2
15,2020,MI,FT,Data Analyst,8000,USD,8000,PK,50,PK,L,Data Analyst,Other,Other,8.987321812850125,Híbrido,1
16,2020,EN,FT,Data Engineer,4450000,JPY,41689,JP,100,JP,S,Data Engineer,Other,Other,10.638016570874845,Remoto Total,1
17,2020,SE,FT,Big Data Engineer,100000,EUR,114047,PL,100,GB,S,Other,Other,GB,11.644374691390428,Remoto Total,2
18,2020,EN,FT,Data Science Consultant,423000,INR,5707,IN,50,IN,M,Other,IN,IN,8.649623978596727,Híbrido,1
19,2020,MI,FT,Lead Data Engineer,56000,USD,56000,PT,100,US,M,Other,Other,US,10.933124826700707,Remoto Total,1
20,2020,MI,FT,Machine Learning Engineer,299000,CNY,43331,CN,0,CN,M,Machine Learning Engineer,Other,Other,10.676646671065456,Presencial,1
21,2020,MI,FT,Product Data Analyst,450000,INR,6072,IN,100,IN,L,Other,IN,IN,8.711607995897575,Remoto Total,1
22,2020,SE,FT,Data Engineer,42000,EUR,47899,GR,50,GR,L,Data Engineer,Other,Other,10.776870783399009,Híbrido,1
23,2020,MI,FT,BI Data Analyst,98000,USD,98000,US,0,US,M,Other,US,US,11.49273296168228,Presencial,2
24,2020,MI,FT,Lead Data Scientist,115000,USD,115000,AE,0,AE,L,Other,Other,Other,11.652696102959752,Presencial,2
25,2020,EX,FT,Director of Data Science,325000,USD,325000,US,100,US,L,Other,US,US,12.691583538230216,Remoto Total,0
26,2020,EN,FT,Research Scientist,42000,USD,42000,NL,50,NL,L,Research Scientist,Other,Other,10.645448706505872,Híbrido,1
27,2020,SE,FT,Data Engineer,720000,MXN,33511,MX,0,MX,S,Data Engineer,Other,Other,10.419658862626871,Presencial,1
28,2020,EN,CT,Business Data Analyst,100000,USD,100000,US,100,US,L,Other,US,US,11.51293546492023,Remoto Total,2
29,2020,SE,FT,Machine Learning Manager,157000,CAD,117104,CA,50,CA,L,Other,CA,CA,11.6708262472225,Híbrido,2
30,2020,MI,FT,Data Engineering Manager,51999,EUR,59303,DE,100,DE,S,Other,DE,DE,10.990432036336555,Remoto Total,1
31,2020,EN,FT,Big Data Engineer,70000,USD,70000,US,100,US,L,Other,US,US,11.156264806643742,Remoto Total,1
32,2020,SE,FT,Data Scientist,60000,EUR,68428,GR,100,US,L,Data Scientist,Other,US,11.133551990366144,Remoto Total,1
33,2020,MI,FT,Research Scientist,450000,USD,450000,US,0,US,M,Research Scientist,US,US,13.017005083966255,Presencial,0
34,2020,MI,FT,Data Analyst,41000,EUR,46759,FR,50,FR,L,Data Analyst,Other,Other,10.752783415586006,Híbrido,1
35,2020,MI,FT,Data Engineer,65000,EUR,74130,AT,50,AT,L,Data Engineer,Other,Other,11.213589077374968,Híbrido,1
36,2020,MI,FT,Data Science Consultant,103000,USD,103000,US,100,US,L,Other,US,US,11.542493975902508,Remoto Total,2
37,2020,EN,FT,Machine Learning Engineer,250000,USD,250000,US,50,US,L,Machine Learning Engineer,US,US,12.429220196836384,Híbrido,0
38,2020,EN,FT,Data Analyst,10000,USD,10000,NG,100,NG,S,Data Analyst,Other,Other,9.210440366976515,Remoto Total,1
39,2020,EN,FT,Machine Learning Engineer,138000,USD,138000,US,100,US,S,Machine Learning Engineer,US,US,11.8350162104899,Remoto Total,0
40,2020,MI,FT,Data Scientist,45760,USD,45760,PH,100,US,S,Data Scientist,Other,US,10.731187478961756,Remoto Total,1
41,2020,EX,FT,Data Engineering Manager,70000,EUR,79833,ES,50,ES,L,Other,Other,Other,11.28770475786082,Híbrido,2
42,2020,MI,FT,Machine Learning Infrastructure Engineer,44000,EUR,50180,PT,0,PT,M,Other,Other,Other,10.823391747980118,Presencial,1
43,2020,MI,FT,Data Engineer,106000,USD,106000,US,100,US,L,Data Engineer,US,US,11.571203807011967,Remoto Total,2
44,2020,MI,FT,Data Engineer,88000,GBP,112872,GB,50,GB,L,Data Engineer,GB,GB,11.634018571846916,Híbrido,2
45,2020,EN,PT,ML Engineer,14000,EUR,15966,DE,100,DE,S,Other,DE,DE,9.678279371339702,Remoto Total,1
46,2020,MI,FT,Data Scientist,60000,GBP,76958,GB,100,GB,S,Data Scientist,GB,GB,11.251028091492175,Remoto Total,2
47,2020,SE,FT,Data Engineer,188000,USD,188000,US,100,US,L,Data Engineer,US,US,12.144202560946876,Remoto Total,0
48,2020,MI,FT,Data Scientist,105000,USD,105000,US,100,US,L,Data Scientist,US,US,11.561725152903833,Remoto Total,2
49,2020,MI,FT,Data Engineer,61500,EUR,70139,FR,50,FR,L,Data Engineer,Other,Other,11.15824852369417,Híbrido,1
50,2020,EN,FT,Data Analyst,450000,INR,6072,IN,0,IN,S,Data Analyst,IN,IN,8.711607995897575,Presencial,1
51,2020,EN,FT,Data Analyst,91000,USD,91000,US,100,US,L,Data Analyst,US,US,11.418625774449598,Remoto Total,2
52,2020,EN,FT,AI Scientist,300000,DKK,45896,DK,50,DK,S,Other,Other,Other,10.734155034435489,Híbrido,1
53,2020,EN,FT,Data Engineer,48000,EUR,54742,PK,100,DE,L,Data Engineer,Other,DE,10.910404785623465,Remoto Total,1
54,2020,SE,FL,Computer Vision Engineer,60000,USD,60000,RU,100,US,S,Other,Other,US,11.002116507732016,Remoto Total,1
55,2020,SE,FT,Principal Data Scientist,130000,EUR,148261,DE,100,DE,M,Other,DE,DE,11.906736257934911,Remoto Total,0
56,2020,MI,FT,Data Scientist,34000,EUR,38776,ES,100,ES,M,Data Scientist,Other,Other,10.565582566340604,Remoto Total,1
57,2020,MI,FT,Data Scientist,118000,USD,118000,US,100,US,M,Data Scientist,US,US,11.678448377988165,Remoto Total,2
58,2020,SE,FT,Data Scientist,120000,USD,120000,US,50,US,L,Data Scientist,US,US,11.695255355062796,Híbrido,2
59,2020,MI,FT,Data Scientist,138350,USD,138350,US,100,US,M,Data Scientist,US,US,11.837549213233764,Remoto Total,0
60,2020,MI,FT,Data Engineer,110000,USD,110000,US,100,US,L,Data Engineer,US,US,11.60824473564232,Remoto Total,2
61,2020,MI,FT,Data Engineer,130800,USD,130800,ES,100,US,M,Data Engineer,Other,US,11.781432363235949,Remoto Total,0
62,2020,EN,PT,Data Scientist,19000,EUR,21669,IT,50,IT,S,Data Scientist,Other,Other,9.983684094530403,Híbrido,1
63,2020,SE,FT,Data Scientist,412000,USD,412000,US,100,US,L,Data Scientist,US,US,12.928781055513184,Remoto Total,0
64,2020,SE,FT,Machine Learning Engineer,40000,EUR,45618,HR,100,HR,S,Machine Learning Engineer,Other,Other,10.728079575387694,Remoto Total,1
65,2020,EN,FT,Data Scientist,55000,EUR,62726,DE,50,DE,S,Data Scientist,DE,DE,11.046547255939531,Híbrido,1
66,2020,EN,FT,Data Scientist,43200,EUR,49268,DE,0,DE,S,Data Scientist,DE,DE,10.805050359005673,Presencial,1
67,2020,SE,FT,Data Science Manager,190200,USD,190200,US,100,US,M,Other,US,US,12.15583668670316,Remoto Total,0
68,2020,EN,FT,Data Scientist,105000,USD,105000,US,100,US,S,Data Scientist,US,US,11.561725152903833,Remoto Total,2
69,2020,SE,FT,Data Scientist,80000,EUR,91237,AT,0,AT,S,Data Scientist,Other,Other,11.42122675594764,Presencial,2
70,2020,MI,FT,Data Scientist,55000,EUR,62726,FR,50,LU,S,Data Scientist,Other,Other,11.046547255939531,Híbrido,1
71,2020,MI,FT,Data Scientist,37000,EUR,42197,FR,50,FR,S,Data Scientist,Other,Other,10.650128105536073,Híbrido,1
72,2021,EN,FT,Research Scientist,60000,GBP,82528,GB,50,GB,L,Research Scientist,GB,GB,11.320905025707312,Híbrido,2
73,2021,EX,FT,BI Data Analyst,150000,USD,150000,IN,100,US,L,Other,IN,US,11.918397239722838,Remoto Total,0
74,2021,EX,FT,Head of Data,235000,USD,235000,US,100,US,L,Other,US,US,12.367345048436391,Remoto Total,0
75,2021,SE,FT,Data Scientist,45000,EUR,53192,FR,50,FR,L,Data Scientist,Other,Other,10.881682087725098,Híbrido,1
76,2021,MI,FT,BI Data Analyst,100000,USD,100000,US,100,US,M,Other,US,US,11.51293546492023,Remoto Total,2
77,2021,MI,PT,3D Computer Vision Researcher,400000,INR,5409,IN,50,IN,M,Other,IN,IN,8.596004371840527,Híbrido,1
78,2021,MI,CT,ML Engineer,270000,USD,270000,US,100,US,L,Other,US,US,12.506180941677355,Remoto Total,0
79,2021,EN,FT,Data Analyst,80000,USD,80000,US,100,US,M,Data Analyst,US,US,11.289794413577894,Remoto Total,2
80,2021,SE,FT,Data Analytics Engineer,67000,EUR,79197,DE,100,DE,L,Other,DE,DE,11.279706324958417,Remoto Total,2
81,2021,MI,FT,Data Engineer,140000,USD,140000,US,100,US,L,Data Engineer,US,US,11.849404844423074,Remoto Total,0
82,2021,MI,FT,Applied Data Scientist,68000,CAD,54238,GB,50,CA,L,Other,GB,CA,10.90115548586615,Híbrido,1
83,2021,MI,FT,Machine Learning Engineer,40000,EUR,47282,ES,100,ES,S,Machine Learning Engineer,Other,Other,10.76390610184365,Remoto Total,1
84,2021,EX,FT,Director of Data Science,130000,EUR,153667,IT,100,PL,L,Other,Other,Other,11.94254971006262,Remoto Total,0
85,2021,MI,FT,Data Engineer,110000,PLN,28476,PL,100,PL,L,Data Engineer,Other,Other,10.25685202289892,Remoto Total,1
86,2021,EN,FT,Data Analyst,50000,EUR,59102,FR,50,FR,M,Data Analyst,Other,Other,10.987036963527192,Híbrido,1
87,2021,MI,FT,Data Analytics Engineer,110000,USD,110000,US,100,US,L,Other,US,US,11.60824473564232,Remoto Total,2
88,2021,SE,FT,Lead Data Analyst,170000,USD,170000,US,100,US,L,Other,US,US,12.04355959836804,Remoto Total,0
89,2021,SE,FT,Data Analyst,80000,USD,80000,BG,100,US,S,Data Analyst,Other,US,11.289794413577894,Remoto Total,2
90,2021,SE,FT,Marketing Data Analyst,75000,EUR,88654,GR,100,DK,L,Other,Other,Other,11.392507711491088,Remoto Total,2
91,2021,EN,FT,Data Science Consultant,65000,EUR,76833,DE,100,DE,S,Other,DE,DE,11.249402529502674,Remoto Total,1
92,2021,MI,FT,Lead Data Analyst,1450000,INR,19609,IN,100,IN,L,Other,IN,IN,9.883794919190391,Remoto Total,1
93,2021,SE,FT,Lead Data Engineer,276000,USD,276000,US,0,US,L,Other,US,US,12.52815976788113,Presencial,0
94,2021,EN,FT,Data Scientist,2200000,INR,29751,IN,50,IN,L,Data Scientist,IN,IN,10.300651635604906,Híbrido,1
95,2021,MI,FT,Cloud Data Engineer,120000,SGD,89294,SG,50,SG,L,Other,Other,Other,11.3997007742556,Híbrido,2
96,2021,EN,PT,AI Scientist,12000,USD,12000,BR,100,US,S,Other,Other,US,9.39274525863144,Remoto Total,1
97,2021,MI,FT,Financial Data Analyst,450000,USD,450000,US,100,US,L,Other,US,US,13.017005083966255,Remoto Total,0
98,2021,EN,FT,Computer Vision Software Engineer,70000,USD,70000,US,100,US,M,Other,US,US,11.156264806643742,Remoto Total,1
99,2021,MI,FT,Computer Vision Software Engineer,81000,EUR,95746,DE,100,US,S,Other,DE,US,11.46946457495936,Remoto Total,2
100,2021,MI,FT,Data Analyst,75000,USD,75000,US,0,US,L,Data Analyst,US,US,11.225256725762891,Presencial,1
101,2021,SE,FT,Data Engineer,150000,USD,150000,US,100,US,L,Data Engineer,US,US,11.918397239722838,Remoto Total,0
102,2021,MI,FT,BI Data Analyst,11000000,HUF,36259,HU,50,US,L,Other,Other,US,10.49847048430884,Híbrido,1
103,2021,MI,FT,Data Analyst,62000,USD,62000,US,0,US,L,Data Analyst,US,US,11.034905792929417,Presencial,1
104,2021,MI,FT,Data Scientist,73000,USD,73000,US,0,US,L,Data Scientist,US,US,11.19822841866684,Presencial,1
105,2021,MI,FT,Data Analyst,37456,GBP,51519,GB,50,GB,L,Data Analyst,GB,GB,10.849725360778235,Híbrido,1
106,2021,MI,FT,Research Scientist,235000,CAD,187442,CA,100,CA,L,Research Scientist,CA,CA,12.141230078175235,Remoto Total,0
107,2021,SE,FT,Data Engineer,115000,USD,115000,US,100,US,S,Data Engineer,US,US,11.652696102959752,Remoto Total,2
108,2021,SE,FT,Data Engineer,150000,USD,150000,US,100,US,M,Data Engineer,US,US,11.918397239722838,Remoto Total,0
109,2021,EN,FT,Data Engineer,2250000,INR,30428,IN,100,IN,L,Data Engineer,IN,IN,10.323151380044106,Remoto Total,1
110,2021,SE,FT,Machine Learning Engineer,80000,EUR,94564,DE,50,DE,L,Machine Learning Engineer,DE,DE,11.457042707722556,Híbrido,2
111,2021,SE,FT,Director of Data Engineering,82500,GBP,113476,GB,100,GB,M,Other,GB,GB,11.639355452196886,Remoto Total,2
112,2021,SE,FT,Lead Data Engineer,75000,GBP,103160,GB,100,GB,S,Other,GB,GB,11.54404615362802,Remoto Total,2
113,2021,EN,PT,AI Scientist,12000,USD,12000,PK,100,US,M,Other,Other,US,9.39274525863144,Remoto Total,1
114,2021,MI,FT,Data Engineer,38400,EUR,45391,NL,100,NL,L,Data Engineer,Other,Other,10.723091157048632,Remoto Total,1
115,2021,EN,FT,Machine Learning Scientist,225000,USD,225000,US,100,US,L,Other,US,US,12.323860125621126,Remoto Total,0
116,2021,MI,FT,Data Scientist,50000,USD,50000,NG,100,NG,L,Data Scientist,Other,Other,10.819798284210286,Remoto Total,1
117,2021,MI,FT,Data Science Engineer,34000,EUR,40189,GR,100,GR,M,Other,Other,Other,10.601373487443247,Remoto Total,1
118,2021,EN,FT,Data Analyst,90000,USD,90000,US,100,US,S,Data Analyst,US,US,11.407576060361786,Remoto Total,2
119,2021,MI,FT,Data Engineer,200000,USD,200000,US,100,US,L,Data Engineer,US,US,12.206077645517674,Remoto Total,0
120,2021,MI,FT,Big Data Engineer,60000,USD,60000,ES,50,RO,M,Other,Other,Other,11.002116507732016,Híbrido,1
121,2021,SE,FT,Principal Data Engineer,200000,USD,200000,US,100,US,M,Other,US,US,12.206077645517674,Remoto Total,0
122,2021,EN,FT,Data Analyst,50000,USD,50000,US,100,US,M,Data Analyst,US,US,10.819798284210286,Remoto Total,1
123,2021,EN,FT,Applied Data Scientist,80000,GBP,110037,GB,0,GB,L,Other,GB,GB,11.608581039664324,Presencial,2
124,2021,EN,PT,Data Analyst,8760,EUR,10354,ES,50,ES,M,Data Analyst,Other,Other,9.245224773829683,Híbrido,1
125,2021,MI,FT,Principal Data Scientist,151000,USD,151000,US,100,US,L,Other,US,US,11.92504173829169,Remoto Total,0
126,2021,SE,FT,Machine Learning Scientist,120000,USD,120000,US,50,US,S,Other,US,US,11.695255355062796,Híbrido,2
127,2021,MI,FT,Data Scientist,700000,INR,9466,IN,0,IN,S,Data Scientist,IN,IN,9.15556734612889,Presencial,1
128,2021,EN,FT,Machine Learning Engineer,20000,USD,20000,IN,100,IN,S,Machine Learning Engineer,IN,IN,9.90353755128617,Remoto Total,1
129,2021,SE,FT,Lead Data Scientist,3000000,INR,40570,IN,50,IN,L,Other,IN,IN,10.610808804651954,Híbrido,1
130,2021,EN,FT,Machine Learning Developer,100000,USD,100000,IQ,50,IQ,S,Other,Other,Other,11.51293546492023,Híbrido,2
131,2021,EN,FT,Data Scientist,42000,EUR,49646,FR,50,FR,M,Data Scientist,Other,Other,10.812693244687052,Híbrido,1
132,2021,MI,FT,Applied Machine Learning Scientist,38400,USD,38400,VN,100,US,M,Other,Other,US,10.555838779903407,Remoto Total,1
133,2021,SE,FT,Computer Vision Engineer,24000,USD,24000,BR,100,BR,M,Other,Other,Other,10.085850775128716,Remoto Total,1
134,2021,EN,FT,Data Scientist,100000,USD,100000,US,0,US,S,Data Scientist,US,US,11.51293546492023,Presencial,2
135,2021,MI,FT,Data Analyst,90000,USD,90000,US,100,US,M,Data Analyst,US,US,11.407576060361786,Remoto Total,2
136,2021,MI,FT,ML Engineer,7000000,JPY,63711,JP,50,JP,S,Other,Other,Other,11.062128206863925,Híbrido,1
137,2021,MI,FT,ML Engineer,8500000,JPY,77364,JP,50,JP,S,Other,Other,Other,11.256289760923773,Híbrido,2
138,2021,SE,FT,Principal Data Scientist,220000,USD,220000,US,0,US,L,Other,US,US,12.301387370778713,Presencial,0
139,2021,EN,FT,Data Scientist,80000,USD,80000,US,100,US,M,Data Scientist,US,US,11.289794413577894,Remoto Total,2
140,2021,MI,FT,Data Analyst,135000,USD,135000,US,100,US,L,Data Analyst,US,US,11.81303746480054,Remoto Total,0
141,2021,SE,FT,Data Science Manager,240000,USD,240000,US,0,US,L,Other,US,US,12.388398368982116,Presencial,0
142,2021,SE,FT,Data Engineering Manager,150000,USD,150000,US,0,US,L,Other,US,US,11.918397239722838,Presencial,0
143,2021,MI,FT,Data Scientist,82500,USD,82500,US,100,US,S,Data Scientist,US,US,11.320565693461432,Remoto Total,2
144,2021,MI,FT,Data Engineer,100000,USD,100000,US,100,US,L,Data Engineer,US,US,11.51293546492023,Remoto Total,2
145,2021,SE,FT,Machine Learning Engineer,70000,EUR,82744,BE,50,BE,M,Machine Learning Engineer,Other,Other,11.323518868453045,Híbrido,2
146,2021,MI,FT,Research Scientist,53000,EUR,62649,FR,50,FR,M,Research Scientist,Other,Other,11.045318960324217,Híbrido,1
147,2021,MI,FT,Data Engineer,90000,USD,90000,US,100,US,L,Data Engineer,US,US,11.407576060361786,Remoto Total,2
148,2021,SE,FT,Data Engineering Manager,153000,USD,153000,US,100,US,L,Other,US,US,11.938199736300923,Remoto Total,0
149,2021,SE,FT,Cloud Data Engineer,160000,USD,160000,BR,100,US,S,Other,Other,US,11.982935344196433,Remoto Total,0
150,2021,SE,FT,Director of Data Science,168000,USD,168000,JP,0,JP,S,Other,Other,Other,12.031725210748633,Presencial,0
151,2021,MI,FT,Data Scientist,150000,USD,150000,US,100,US,M,Data Scientist,US,US,11.918397239722838,Remoto Total,0
152,2021,MI,FT,Data Scientist,95000,CAD,75774,CA,100,CA,L,Data Scientist,CA,CA,11.235523701926004,Remoto Total,1
153,2021,EN,FT,Data Scientist,13400,USD,13400,UA,100,UA,L,Data Scientist,Other,Other,9.503084610020228,Remoto Total,1
154,2021,SE,FT,Data Science Manager,144000,USD,144000,US,100,US,L,Other,US,US,11.87757552297847,Remoto Total,0
155,2021,SE,FT,Data Science Engineer,159500,CAD,127221,CA,50,CA,L,Other,CA,CA,11.753688870907842,Híbrido,2
156,2021,MI,FT,Data Scientist,160000,SGD,119059,SG,100,IL,M,Data Scientist,Other,Other,11.68738284670738,Remoto Total,2
157,2021,MI,FT,Applied Machine Learning Scientist,423000,USD,423000,US,50,US,L,Other,US,US,12.955129822091816,Híbrido,0
158,2021,SE,FT,Data Analytics Manager,120000,USD,120000,US,100,US,M,Other,US,US,11.695255355062796,Remoto Total,2
159,2021,EN,FT,Machine Learning Engineer,125000,USD,125000,US,100,US,S,Machine Learning Engineer,US,US,11.736077016252436,Remoto Total,2
160,2021,EX,FT,Head of Data,230000,USD,230000,RU,50,RU,L,Other,Other,Other,12.345838935721968,Híbrido,0
161,2021,EX,FT,Head of Data Science,85000,USD,85000,RU,0,RU,M,Other,Other,Other,11.350418300109132,Presencial,2
162,2021,MI,FT,Data Engineer,24000,EUR,28369,MT,50,MT,L,Data Engineer,Other,Other,10.253087527802895,Híbrido,1
163,2021,EN,FT,Data Science Consultant,54000,EUR,63831,DE,50,DE,L,Other,DE,DE,11.064009910988116,Híbrido,1
164,2021,EX,FT,Director of Data Science,110000,EUR,130026,DE,50,DE,M,Other,DE,DE,11.77549740018035,Híbrido,0
165,2021,SE,FT,Data Specialist,165000,USD,165000,US,100,US,L,Other,US,US,12.013706813470414,Remoto Total,0
166,2021,EN,FT,Data Engineer,80000,USD,80000,US,100,US,L,Data Engineer,US,US,11.289794413577894,Remoto Total,2
167,2021,EX,FT,Director of Data Science,250000,USD,250000,US,0,US,L,Other,US,US,12.429220196836384,Presencial,0
168,2021,EN,FT,BI Data Analyst,55000,USD,55000,US,50,US,S,Other,US,US,10.915106645867503,Híbrido,1
169,2021,MI,FT,Data Architect,150000,USD,150000,US,100,US,L,Other,US,US,11.918397239722838,Remoto Total,0
170,2021,MI,FT,Data Architect,170000,USD,170000,US,100,US,L,Other,US,US,12.04355959836804,Remoto Total,0
171,2021,MI,FT,Data Engineer,60000,GBP,82528,GB,100,GB,L,Data Engineer,GB,GB,11.320905025707312,Remoto Total,2
172,2021,EN,FT,Data Analyst,60000,USD,60000,US,100,US,S,Data Analyst,US,US,11.002116507732016,Remoto Total,1
173,2021,SE,FT,Principal Data Scientist,235000,USD,235000,US,100,US,L,Other,US,US,12.367345048436391,Remoto Total,0
174,2021,SE,FT,Research Scientist,51400,EUR,60757,PT,50,PT,L,Research Scientist,Other,Other,11.01465403977559,Híbrido,1
175,2021,SE,FT,Data Engineering Manager,174000,USD,174000,US,100,US,L,Other,US,US,12.066816325306588,Remoto Total,0
176,2021,MI,FT,Data Scientist,58000,MXN,2859,MX,0,MX,S,Data Scientist,Other,Other,7.958576903813898,Presencial,1
177,2021,MI,FT,Data Scientist,30400000,CLP,40038,CL,100,CL,L,Data Scientist,Other,Other,10.597609258092302,Remoto Total,1
178,2021,EN,FT,Machine Learning Engineer,81000,USD,81000,US,50,US,S,Machine Learning Engineer,US,US,11.302216779257382,Híbrido,2
179,2021,MI,FT,Data Scientist,420000,INR,5679,IN,100,US,S,Data Scientist,IN,US,8.644706511715198,Remoto Total,1
180,2021,MI,FT,Big Data Engineer,1672000,INR,22611,IN,0,IN,L,Other,IN,IN,10.02623601779518,Presencial,1
181,2021,MI,FT,Data Scientist,76760,EUR,90734,DE,50,DE,L,Data Scientist,DE,DE,11.415698449209124,Híbrido,2
182,2021,MI,FT,Data Engineer,22000,EUR,26005,RO,0,US,L,Data Engineer,Other,US,10.166082559611263,Presencial,1
183,2021,SE,FT,Finance Data Analyst,45000,GBP,61896,GB,50,GB,L,Other,GB,GB,11.033226992231649,Híbrido,1
184,2021,MI,FL,Machine Learning Scientist,12000,USD,12000,PK,50,PK,M,Other,Other,Other,9.39274525863144,Híbrido,1
185,2021,MI,FT,Data Engineer,4000,USD,4000,IR,100,IR,M,Data Engineer,Other,Other,8.294299608857235,Remoto Total,1
186,2021,SE,FT,Data Analytics Engineer,50000,USD,50000,VN,100,GB,M,Other,Other,GB,10.819798284210286,Remoto Total,1
187,2021,EX,FT,Data Science Consultant,59000,EUR,69741,FR,100,ES,S,Other,Other,Other,11.152557997765095,Remoto Total,1
188,2021,SE,FT,Data Engineer,65000,EUR,76833,RO,50,GB,S,Data Engineer,Other,GB,11.249402529502674,Híbrido,1
189,2021,MI,FT,Machine Learning Engineer,74000,USD,74000,JP,50,JP,S,Machine Learning Engineer,Other,Other,11.211833885608511,Híbrido,1
190,2021,SE,FT,Data Science Manager,152000,USD,152000,US,100,FR,L,Other,US,Other,11.93164237875414,Remoto Total,0
191,2021,EN,FT,Machine Learning Engineer,21844,USD,21844,CO,50,CO,M,Machine Learning Engineer,Other,Other,9.991727341385536,Híbrido,1
192,2021,MI,FT,Big Data Engineer,18000,USD,18000,MD,0,MD,S,Other,Other,Other,9.798182590890704,Presencial,1
193,2021,SE,FT,Data Science Manager,174000,USD,174000,US,100,US,L,Other,US,US,12.066816325306588,Remoto Total,0
194,2021,SE,FT,Research Scientist,120500,CAD,96113,CA,50,CA,L,Research Scientist,CA,CA,11.473290265929538,Híbrido,2
195,2021,MI,FT,Data Scientist,147000,USD,147000,US,50,US,L,Data Scientist,US,US,11.898194668458824,Híbrido,0
196,2021,EN,FT,BI Data Analyst,9272,USD,9272,KE,100,KE,S,Other,Other,Other,9.134862230800223,Remoto Total,1
197,2021,SE,FT,Machine Learning Engineer,1799997,INR,24342,IN,100,IN,L,Machine Learning Engineer,IN,IN,10.09999961284942,Remoto Total,1
198,2021,SE,FT,Data Science Manager,4000000,INR,54094,IN,50,US,L,Other,IN,US,10.898497039121674,Híbrido,1
199,2021,EN,FT,Data Science Consultant,90000,USD,90000,US,100,US,S,Other,US,US,11.407576060361786,Remoto Total,2
200,2021,MI,FT,Data Scientist,52000,EUR,61467,DE,50,AT,M,Data Scientist,DE,Other,11.026271993175223,Híbrido,1
201,2021,SE,FT,Machine Learning Infrastructure Engineer,195000,USD,195000,US,100,US,M,Other,US,US,12.180759965737863,Remoto Total,0
202,2021,MI,FT,Data Scientist,32000,EUR,37825,ES,100,ES,L,Data Scientist,Other,Other,10.5407519758484,Remoto Total,1
203,2021,SE,FT,Research Scientist,50000,USD,50000,FR,100,US,S,Research Scientist,Other,US,10.819798284210286,Remoto Total,1
204,2021,MI,FT,Data Scientist,160000,USD,160000,US,100,US,L,Data Scientist,US,US,11.982935344196433,Remoto Total,0
205,2021,MI,FT,Data Scientist,69600,BRL,12901,BR,0,BR,S,Data Scientist,Other,Other,9.465137617092187,Presencial,1
206,2021,SE,FT,Machine Learning Engineer,200000,USD,200000,US,100,US,L,Machine Learning Engineer,US,US,12.206077645517674,Remoto Total,0
207,2021,SE,FT,Data Engineer,165000,USD,165000,US,0,US,M,Data Engineer,US,US,12.013706813470414,Presencial,0
208,2021,MI,FL,Data Engineer,20000,USD,20000,IT,0,US,L,Data Engineer,Other,US,9.90353755128617,Presencial,1
209,2021,SE,FT,Data Analytics Manager,120000,USD,120000,US,0,US,L,Other,US,US,11.695255355062796,Presencial,2
210,2021,MI,FT,Machine Learning Engineer,21000,EUR,24823,SI,50,SI,L,Machine Learning Engineer,Other,Other,10.119566206128216,Híbrido,1
211,2021,MI,FT,Research Scientist,48000,EUR,56738,FR,50,FR,S,Research Scientist,Other,Other,10.946217083956563,Híbrido,1
212,2021,MI,FT,Data Engineer,48000,GBP,66022,HK,50,GB,S,Data Engineer,Other,GB,11.097758445150308,Híbrido,1
213,2021,EN,FT,Big Data Engineer,435000,INR,5882,IN,0,CH,L,Other,IN,Other,8.679822114864455,Presencial,1
214,2021,EN,FT,Machine Learning Engineer,21000,EUR,24823,DE,50,DE,M,Machine Learning Engineer,DE,DE,10.119566206128216,Híbrido,1
215,2021,SE,FT,Principal Data Engineer,185000,USD,185000,US,100,US,L,Other,US,US,12.128116509451258,Remoto Total,0
216,2021,EN,PT,Computer Vision Engineer,180000,DKK,28609,DK,50,DK,S,Other,Other,Other,10.261511586044156,Híbrido,1
217,2021,MI,FT,Data Scientist,76760,EUR,90734,DE,50,DE,L,Data Scientist,DE,DE,11.415698449209124,Híbrido,2
218,2021,MI,FT,Machine Learning Engineer,75000,EUR,88654,BE,100,BE,M,Machine Learning Engineer,Other,Other,11.392507711491088,Remoto Total,2
219,2021,SE,FT,Data Analytics Manager,140000,USD,140000,US,100,US,L,Other,US,US,11.849404844423074,Remoto Total,0
220,2021,MI,FT,Machine Learning Engineer,180000,PLN,46597,PL,100,PL,L,Machine Learning Engineer,Other,Other,10.74931290073778,Remoto Total,1
221,2021,MI,FT,Data Scientist,85000,GBP,116914,GB,50,GB,L,Data Scientist,GB,GB,11.669202454027491,Híbrido,2
222,2021,MI,FT,Data Scientist,2500000,INR,33808,IN,0,IN,M,Data Scientist,IN,IN,10.42848231821631,Presencial,1
223,2021,MI,FT,Data Scientist,40900,GBP,56256,GB,50,GB,L,Data Scientist,GB,GB,10.937685756768545,Híbrido,1
224,2021,SE,FT,Machine Learning Scientist,225000,USD,225000,US,100,CA,L,Other,US,CA,12.323860125621126,Remoto Total,0
225,2021,EX,CT,Principal Data Scientist,416000,USD,416000,US,100,US,S,Other,US,US,12.938442943086663,Remoto Total,0
226,2021,SE,FT,Data Scientist,110000,CAD,87738,CA,100,CA,S,Data Scientist,CA,CA,11.38212177734502,Remoto Total,2
227,2021,MI,FT,Data Scientist,75000,EUR,88654,DE,50,DE,L,Data Scientist,DE,DE,11.392507711491088,Híbrido,2
228,2021,SE,FT,Data Scientist,135000,USD,135000,US,0,US,L,Data Scientist,US,US,11.81303746480054,Presencial,0
229,2021,SE,FT,Data Analyst,90000,CAD,71786,CA,100,CA,M,Data Analyst,CA,CA,11.181458680147426,Remoto Total,1
230,2021,EN,FT,Big Data Engineer,1200000,INR,16228,IN,100,IN,L,Other,IN,IN,9.694555044315882,Remoto Total,1
231,2021,SE,FT,ML Engineer,256000,USD,256000,US,100,US,S,Other,US,US,12.45293662970407,Remoto Total,0
232,2021,SE,FT,Director of Data Engineering,200000,USD,200000,US,100,US,L,Other,US,US,12.206077645517674,Remoto Total,0
233,2021,SE,FT,Data Analyst,200000,USD,200000,US,100,US,L,Data Analyst,US,US,12.206077645517674,Remoto Total,0
234,2021,MI,FT,Data Architect,180000,USD,180000,US,100,US,L,Other,US,US,12.100717685412471,Remoto Total,0
235,2021,MI,FT,Head of Data Science,110000,USD,110000,US,0,US,S,Other,US,US,11.60824473564232,Presencial,2
236,2021,MI,FT,Research Scientist,80000,CAD,63810,CA,100,CA,M,Research Scientist,CA,CA,11.063680868264434,Remoto Total,1
237,2021,MI,FT,Data Scientist,39600,EUR,46809,ES,100,ES,M,Data Scientist,Other,Other,10.753852134294116,Remoto Total,1
238,2021,EN,FT,Data Scientist,4000,USD,4000,VN,0,VN,M,Data Scientist,Other,Other,8.294299608857235,Presencial,1
239,2021,EN,FT,Data Engineer,1600000,INR,21637,IN,50,IN,M,Data Engineer,IN,IN,9.98220630724752,Híbrido,1
240,2021,SE,FT,Data Scientist,130000,CAD,103691,CA,100,CA,L,Data Scientist,CA,CA,11.5491802456294,Remoto Total,2
241,2021,MI,FT,Data Analyst,80000,USD,80000,US,100,US,L,Data Analyst,US,US,11.289794413577894,Remoto Total,2
242,2021,MI,FT,Data Engineer,110000,USD,110000,US,100,US,L,Data Engineer,US,US,11.60824473564232,Remoto Total,2
243,2021,SE,FT,Data Scientist,165000,USD,165000,US,100,US,L,Data Scientist,US,US,12.013706813470414,Remoto Total,0
244,2021,EN,FT,AI Scientist,1335000,INR,18053,IN,100,AS,S,Other,IN,Other,9.8011225458581,Remoto Total,1
245,2021,MI,FT,Data Engineer,52500,GBP,72212,GB,50,GB,L,Data Engineer,GB,GB,11.187375364074551,Híbrido,1
246,2021,EN,FT,Data Scientist,31000,EUR,36643,FR,50,FR,L,Data Scientist,Other,Other,10.5090049831351,Híbrido,1
247,2021,MI,FT,Data Engineer,108000,TRY,12103,TR,0,TR,M,Data Engineer,Other,Other,9.401291255468193,Presencial,1
248,2021,SE,FT,Data Engineer,70000,GBP,96282,GB,50,GB,L,Data Engineer,GB,GB,11.475047050530808,Híbrido,2
249,2021,SE,FT,Principal Data Analyst,170000,USD,170000,US,100,US,M,Other,US,US,12.04355959836804,Remoto Total,0
250,2021,MI,FT,Data Scientist,115000,USD,115000,US,50,US,L,Data Scientist,US,US,11.652696102959752,Híbrido,2
251,2021,EN,FT,Data Scientist,90000,USD,90000,US,100,US,S,Data Scientist,US,US,11.407576060361786,Remoto Total,2
252,2021,EX,FT,Principal Data Engineer,600000,USD,600000,US,100,US,L,Other,US,US,13.304686600863562,Remoto Total,0
253,2021,EN,FT,Data Scientist,2100000,INR,28399,IN,100,IN,M,Data Scientist,IN,IN,10.254144424149295,Remoto Total,1
254,2021,MI,FT,Data Analyst,93000,USD,93000,US,100,US,L,Data Analyst,US,US,11.440365524765756,Remoto Total,2
255,2021,SE,FT,Big Data Architect,125000,CAD,99703,CA,50,CA,M,Other,CA,CA,11.509961075506212,Híbrido,2
256,2021,MI,FT,Data Engineer,200000,USD,200000,US,100,US,L,Data Engineer,US,US,12.206077645517674,Remoto Total,0
257,2021,SE,FT,Principal Data Scientist,147000,EUR,173762,DE,100,DE,M,Other,DE,DE,12.065447580772036,Remoto Total,0
258,2021,SE,FT,Machine Learning Engineer,185000,USD,185000,US,50,US,L,Machine Learning Engineer,US,US,12.128116509451258,Híbrido,0
259,2021,EX,FT,Director of Data Science,120000,EUR,141846,DE,0,DE,L,Other,DE,DE,11.862504290912188,Presencial,0
260,2021,MI,FT,Data Scientist,130000,USD,130000,US,50,US,L,Data Scientist,US,US,11.775297421715829,Híbrido,2
261,2021,SE,FT,Data Analyst,54000,EUR,63831,DE,50,DE,L,Data Analyst,DE,DE,11.064009910988116,Híbrido,1
262,2021,MI,FT,Data Scientist,1250000,INR,16904,IN,100,IN,S,Data Scientist,IN,IN,9.735364715141989,Remoto Total,1
263,2021,SE,FT,Machine Learning Engineer,4900000,INR,66265,IN,0,IN,L,Machine Learning Engineer,IN,IN,11.10143222412372,Presencial,1
264,2021,MI,FT,Data Scientist,21600,EUR,25532,RS,100,DE,S,Data Scientist,Other,DE,10.14772701214507,Remoto Total,1
265,2021,SE,FT,Lead Data Engineer,160000,USD,160000,PR,50,US,S,Other,Other,US,11.982935344196433,Híbrido,0
266,2021,MI,FT,Data Engineer,93150,USD,93150,US,0,US,M,Data Engineer,US,US,11.441977111345166,Presencial,2
267,2021,MI,FT,Data Engineer,111775,USD,111775,US,0,US,M,Data Engineer,US,US,11.624252147606558,Presencial,2
268,2021,MI,FT,Data Engineer,250000,TRY,28016,TR,100,TR,M,Data Engineer,Other,Other,10.240566747777828,Remoto Total,1
269,2021,EN,FT,Data Engineer,55000,EUR,65013,DE,50,DE,M,Data Engineer,DE,DE,11.082357910301225,Híbrido,1
270,2021,EN,FT,Data Engineer,72500,USD,72500,US,100,US,L,Data Engineer,US,US,11.19135563385109,Remoto Total,1
271,2021,SE,FT,Computer Vision Engineer,102000,BRL,18907,BR,0,BR,M,Other,Other,Other,9.847340391913129,Presencial,1
272,2021,EN,FT,Data Science Consultant,65000,EUR,76833,DE,0,DE,L,Other,DE,DE,11.249402529502674,Presencial,1
273,2021,EN,FT,Machine Learning Engineer,85000,USD,85000,NL,100,DE,S,Machine Learning Engineer,Other,DE,11.350418300109132,Remoto Total,2
274,2021,SE,FT,Data Scientist,65720,EUR,77684,FR,50,FR,M,Data Scientist,Other,Other,11.260417467526102,Híbrido,2
275,2021,EN,FT,Data Scientist,100000,USD,100000,US,100,US,M,Data Scientist,US,US,11.51293546492023,Remoto Total,2
276,2021,EN,FT,Data Scientist,58000,USD,58000,US,50,US,L,Data Scientist,US,US,10.968215530759236,Híbrido,1
277,2021,SE,FT,AI Scientist,55000,USD,55000,ES,100,ES,L,Other,Other,Other,10.915106645867503,Remoto Total,1
278,2021,SE,FT,Data Scientist,180000,TRY,20171,TR,50,TR,L,Data Scientist,Other,Other,9.912050783196616,Híbrido,1
279,2021,EN,FT,Business Data Analyst,50000,EUR,59102,LU,100,LU,L,Other,Other,Other,10.987036963527192,Remoto Total,1
280,2021,MI,FT,Data Engineer,112000,USD,112000,US,100,US,L,Data Engineer,US,US,11.6262630788088,Remoto Total,2
281,2021,EN,FT,Research Scientist,100000,USD,100000,JE,0,CN,L,Research Scientist,Other,Other,11.51293546492023,Presencial,2
282,2021,MI,PT,Data Engineer,59000,EUR,69741,NL,100,NL,L,Data Engineer,Other,Other,11.152557997765095,Remoto Total,1
283,2021,SE,CT,Staff Data Scientist,105000,USD,105000,US,100,US,M,Other,US,US,11.561725152903833,Remoto Total,2
284,2021,MI,FT,Research Scientist,69999,USD,69999,CZ,50,CZ,L,Research Scientist,Other,Other,11.156250521031495,Híbrido,1
285,2021,SE,FT,Data Science Manager,7000000,INR,94665,IN,50,IN,L,Other,IN,IN,11.458110186196915,Híbrido,2
286,2021,SE,FT,Head of Data,87000,EUR,102839,SI,100,SI,L,Other,Other,Other,11.540929661379826,Remoto Total,2
287,2021,MI,FT,Data Scientist,109000,USD,109000,US,50,US,L,Data Scientist,US,US,11.599112335481124,Híbrido,2
288,2021,MI,FT,Machine Learning Engineer,43200,EUR,51064,IT,50,IT,L,Machine Learning Engineer,Other,Other,10.8408546100122,Híbrido,1
289,2022,SE,FT,Data Engineer,135000,USD,135000,US,100,US,M,Data Engineer,US,US,11.81303746480054,Remoto Total,0
290,2022,SE,FT,Data Analyst,155000,USD,155000,US,100,US,M,Data Analyst,US,US,11.951186847493476,Remoto Total,0
291,2022,SE,FT,Data Analyst,120600,USD,120600,US,100,US,M,Data Analyst,US,US,11.700242855114809,Remoto Total,2
292,2022,MI,FT,Data Scientist,130000,USD,130000,US,0,US,M,Data Scientist,US,US,11.775297421715829,Presencial,2
293,2022,MI,FT,Data Scientist,90000,USD,90000,US,0,US,M,Data Scientist,US,US,11.407576060361786,Presencial,2
294,2022,MI,FT,Data Engineer,170000,USD,170000,US,100,US,M,Data Engineer,US,US,12.04355959836804,Remoto Total,0
295,2022,MI,FT,Data Engineer,150000,USD,150000,US,100,US,M,Data Engineer,US,US,11.918397239722838,Remoto Total,0
296,2022,SE,FT,Data Analyst,102100,USD,102100,US,100,US,M,Data Analyst,US,US,11.533717798424089,Remoto Total,2
297,2022,SE,FT,Data Analyst,84900,USD,84900,US,100,US,M,Data Analyst,US,US,11.349241150793087,Remoto Total,2
298,2022,SE,FT,Data Scientist,136620,USD,136620,US,100,US,M,Data Scientist,US,US,11.82496594783159,Remoto Total,0
299,2022,SE,FT,Data Scientist,99360,USD,99360,US,100,US,M,Data Scientist,US,US,11.506514961528898,Remoto Total,2
300,2022,SE,FT,Data Scientist,90000,GBP,117789,GB,0,GB,M,Data Scientist,GB,GB,11.67665865695283,Presencial,2
301,2022,SE,FT,Data Scientist,80000,GBP,104702,GB,0,GB,M,Data Scientist,GB,GB,11.55888304974326,Presencial,2
302,2022,SE,FT,Data Scientist,146000,USD,146000,US,100,US,M,Data Scientist,US,US,11.891368749982083,Remoto Total,0
303,2022,SE,FT,Data Scientist,123000,USD,123000,US,100,US,M,Data Scientist,US,US,11.719947764402807,Remoto Total,2
304,2022,EN,FT,Data Engineer,40000,GBP,52351,GB,100,GB,M,Data Engineer,GB,GB,10.86574541996242,Remoto Total,1
305,2022,SE,FT,Data Analyst,99000,USD,99000,US,0,US,M,Data Analyst,US,US,11.502885230075814,Presencial,2
306,2022,SE,FT,Data Analyst,116000,USD,116000,US,0,US,M,Data Analyst,US,US,11.661354090741,Presencial,2
307,2022,MI,FT,Data Analyst,106260,USD,106260,US,0,US,M,Data Analyst,US,US,11.573653610839628,Presencial,2
308,2022,MI,FT,Data Analyst,126500,USD,126500,US,0,US,M,Data Analyst,US,US,11.748005492256809,Presencial,2
309,2022,EX,FT,Data Engineer,242000,USD,242000,US,100,US,M,Data Engineer,US,US,12.396697137361691,Remoto Total,0
310,2022,EX,FT,Data Engineer,200000,USD,200000,US,100,US,M,Data Engineer,US,US,12.206077645517674,Remoto Total,0
311,2022,MI,FT,Data Scientist,50000,GBP,65438,GB,0,GB,M,Data Scientist,GB,GB,11.088873689986276,Presencial,1
312,2022,MI,FT,Data Scientist,30000,GBP,39263,GB,0,GB,M,Data Scientist,GB,GB,10.578063347510636,Presencial,1
313,2022,MI,FT,Data Engineer,60000,GBP,78526,GB,0,GB,M,Data Engineer,GB,GB,11.271197793678173,Presencial,2
314,2022,MI,FT,Data Engineer,40000,GBP,52351,GB,0,GB,M,Data Engineer,GB,GB,10.86574541996242,Presencial,1
315,2022,SE,FT,Data Scientist,165220,USD,165220,US,100,US,M,Data Scientist,US,US,12.015039250634192,Remoto Total,0
316,2022,EN,FT,Data Engineer,35000,GBP,45807,GB,100,GB,M,Data Engineer,GB,GB,10.732214027337896,Remoto Total,1
317,2022,SE,FT,Data Scientist,120160,USD,120160,US,100,US,M,Data Scientist,US,US,11.696587789200349,Remoto Total,2
318,2022,SE,FT,Data Analyst,90320,USD,90320,US,100,US,M,Data Analyst,US,US,11.41112527050716,Remoto Total,2
319,2022,SE,FT,Data Engineer,181940,USD,181940,US,0,US,M,Data Engineer,US,US,12.111437737678417,Presencial,0
320,2022,SE,FT,Data Engineer,132320,USD,132320,US,0,US,M,Data Engineer,US,US,11.792986067665478,Presencial,0
321,2022,SE,FT,Data Engineer,220110,USD,220110,US,0,US,M,Data Engineer,US,US,12.301887243548784,Presencial,0
322,2022,SE,FT,Data Engineer,160080,USD,160080,US,0,US,M,Data Engineer,US,US,11.983435216114666,Presencial,0
323,2022,SE,FT,Data Scientist,180000,USD,180000,US,0,US,L,Data Scientist,US,US,12.100717685412471,Presencial,0
324,2022,SE,FT,Data Scientist,120000,USD,120000,US,0,US,L,Data Scientist,US,US,11.695255355062796,Presencial,2
325,2022,SE,FT,Data Analyst,124190,USD,124190,US,100,US,M,Data Analyst,US,US,11.729575982087772,Remoto Total,2
326,2022,EX,FT,Data Analyst,130000,USD,130000,US,100,US,M,Data Analyst,US,US,11.775297421715829,Remoto Total,2
327,2022,EX,FT,Data Analyst,110000,USD,110000,US,100,US,M,Data Analyst,US,US,11.60824473564232,Remoto Total,2
328,2022,SE,FT,Data Analyst,170000,USD,170000,US,100,US,M,Data Analyst,US,US,12.04355959836804,Remoto Total,0
329,2022,MI,FT,Data Analyst,115500,USD,115500,US,100,US,M,Data Analyst,US,US,11.657034466915164,Remoto Total,2
330,2022,SE,FT,Data Analyst,112900,USD,112900,US,100,US,M,Data Analyst,US,US,11.634266607494451,Remoto Total,2
331,2022,SE,FT,Data Analyst,90320,USD,90320,US,100,US,M,Data Analyst,US,US,11.41112527050716,Remoto Total,2
332,2022,SE,FT,Data Analyst,112900,USD,112900,US,100,US,M,Data Analyst,US,US,11.634266607494451,Remoto Total,2
333,2022,SE,FT,Data Analyst,90320,USD,90320,US,100,US,M,Data Analyst,US,US,11.41112527050716,Remoto Total,2
334,2022,SE,FT,Data Engineer,165400,USD,165400,US,100,US,M,Data Engineer,US,US,12.016128107502665,Remoto Total,0
335,2022,SE,FT,Data Engineer,132320,USD,132320,US,100,US,M,Data Engineer,US,US,11.792986067665478,Remoto Total,0
336,2022,MI,FT,Data Analyst,167000,USD,167000,US,100,US,M,Data Analyst,US,US,12.025755079404917,Remoto Total,0
337,2022,SE,FT,Data Engineer,243900,USD,243900,US,100,US,M,Data Engineer,US,US,12.404517684236607,Remoto Total,0
338,2022,SE,FT,Data Analyst,136600,USD,136600,US,100,US,M,Data Analyst,US,US,11.824819546736247,Remoto Total,0
339,2022,SE,FT,Data Analyst,109280,USD,109280,US,100,US,M,Data Analyst,US,US,11.60167782556802,Remoto Total,2
340,2022,SE,FT,Data Engineer,128875,USD,128875,US,100,US,M,Data Engineer,US,US,11.766605980745997,Remoto Total,2
341,2022,SE,FT,Data Engineer,93700,USD,93700,US,100,US,M,Data Engineer,US,US,11.447864140528155,Remoto Total,2
342,2022,EX,FT,Head of Data Science,224000,USD,224000,US,100,US,M,Other,US,US,12.319405795112926,Remoto Total,0
343,2022,EX,FT,Head of Data Science,167875,USD,167875,US,100,US,M,Other,US,US,12.030980890620905,Remoto Total,0
344,2022,EX,FT,Analytics Engineer,175000,USD,175000,US,100,US,M,Other,US,US,12.07254696717504,Remoto Total,0
345,2022,SE,FT,Data Engineer,156600,USD,156600,US,100,US,M,Data Engineer,US,US,11.961456448214491,Remoto Total,0
346,2022,SE,FT,Data Engineer,108800,USD,108800,US,0,US,M,Data Engineer,US,US,11.597275804538212,Presencial,2
347,2022,SE,FT,Data Scientist,95550,USD,95550,US,0,US,M,Data Scientist,US,US,11.467415415338404,Presencial,2
348,2022,SE,FT,Data Engineer,113000,USD,113000,US,0,US,L,Data Engineer,US,US,11.635151947212842,Presencial,2
349,2022,SE,FT,Data Analyst,135000,USD,135000,US,100,US,M,Data Analyst,US,US,11.81303746480054,Remoto Total,0
350,2022,SE,FT,Data Science Manager,161342,USD,161342,US,100,US,M,Other,US,US,11.991287812591056,Remoto Total,0
351,2022,SE,FT,Data Science Manager,137141,USD,137141,US,100,US,M,Other,US,US,11.828772164369177,Remoto Total,0
352,2022,SE,FT,Data Scientist,167000,USD,167000,US,100,US,M,Data Scientist,US,US,12.025755079404917,Remoto Total,0
353,2022,SE,FT,Data Scientist,123000,USD,123000,US,100,US,M,Data Scientist,US,US,11.719947764402807,Remoto Total,2
354,2022,SE,FT,Data Engineer,60000,GBP,78526,GB,0,GB,M,Data Engineer,GB,GB,11.271197793678173,Presencial,2
355,2022,SE,FT,Data Engineer,50000,GBP,65438,GB,0,GB,M,Data Engineer,GB,GB,11.088873689986276,Presencial,1
356,2022,SE,FT,Data Scientist,150000,USD,150000,US,0,US,M,Data Scientist,US,US,11.918397239722838,Presencial,0
357,2022,SE,FT,Data Scientist,211500,USD,211500,US,100,US,M,Data Scientist,US,US,12.26198500558968,Remoto Total,0
358,2022,SE,FT,Data Architect,192400,USD,192400,CA,100,CA,M,Other,CA,CA,12.167337014705431,Remoto Total,0
359,2022,SE,FT,Data Architect,90700,USD,90700,CA,100,CA,M,Other,CA,CA,11.415323661400771,Remoto Total,2
360,2022,SE,FT,Data Analyst,130000,USD,130000,CA,100,CA,M,Data Analyst,CA,CA,11.775297421715829,Remoto Total,2
361,2022,SE,FT,Data Analyst,61300,USD,61300,CA,100,CA,M,Data Analyst,CA,CA,11.023551435004949,Remoto Total,1
362,2022,SE,FT,Data Analyst,130000,USD,130000,CA,100,CA,M,Data Analyst,CA,CA,11.775297421715829,Remoto Total,2
363,2022,SE,FT,Data Analyst,61300,USD,61300,CA,100,CA,M,Data Analyst,CA,CA,11.023551435004949,Remoto Total,1
364,2022,SE,FT,Data Engineer,160000,USD,160000,US,0,US,L,Data Engineer,US,US,11.982935344196433,Presencial,0
365,2022,SE,FT,Data Scientist,138600,USD,138600,US,100,US,M,Data Scientist,US,US,11.839354580719126,Remoto Total,0
366,2022,SE,FT,Data Engineer,136000,USD,136000,US,0,US,M,Data Engineer,US,US,11.820417517632333,Presencial,0
367,2022,MI,FT,Data Analyst,58000,USD,58000,US,0,US,S,Data Analyst,US,US,10.968215530759236,Presencial,1
368,2022,EX,FT,Analytics Engineer,135000,USD,135000,US,100,US,M,Other,US,US,11.81303746480054,Remoto Total,0
369,2022,SE,FT,Data Scientist,170000,USD,170000,US,100,US,M,Data Scientist,US,US,12.04355959836804,Remoto Total,0
370,2022,SE,FT,Data Scientist,123000,USD,123000,US,100,US,M,Data Scientist,US,US,11.719947764402807,Remoto Total,2
371,2022,SE,FT,Machine Learning Engineer,189650,USD,189650,US,0,US,M,Machine Learning Engineer,US,US,12.15294081997422,Presencial,0
372,2022,SE,FT,Machine Learning Engineer,164996,USD,164996,US,0,US,M,Machine Learning Engineer,US,US,12.013682570899244,Presencial,0
373,2022,MI,FT,ETL Developer,50000,EUR,54957,GR,0,GR,M,Other,Other,Other,10.914324536132202,Presencial,1
374,2022,MI,FT,ETL Developer,50000,EUR,54957,GR,0,GR,M,Other,Other,Other,10.914324536132202,Presencial,1
375,2022,EX,FT,Lead Data Engineer,150000,CAD,118187,CA,100,CA,S,Other,CA,CA,11.680031855957704,Remoto Total,2
376,2022,SE,FT,Data Analyst,132000,USD,132000,US,0,US,M,Data Analyst,US,US,11.790564777297387,Presencial,0
377,2022,SE,FT,Data Engineer,165400,USD,165400,US,100,US,M,Data Engineer,US,US,12.016128107502665,Remoto Total,0
378,2022,SE,FT,Data Architect,208775,USD,208775,US,100,US,M,Other,US,US,12.249017185855486,Remoto Total,0
379,2022,SE,FT,Data Architect,147800,USD,147800,US,100,US,M,Other,US,US,11.903622053373214,Remoto Total,0
380,2022,SE,FT,Data Engineer,136994,USD,136994,US,100,US,M,Data Engineer,US,US,11.827699707793888,Remoto Total,0
381,2022,SE,FT,Data Engineer,101570,USD,101570,US,100,US,M,Data Engineer,US,US,11.52851334031188,Remoto Total,2
382,2022,SE,FT,Data Analyst,128875,USD,128875,US,100,US,M,Data Analyst,US,US,11.766605980745997,Remoto Total,2
383,2022,SE,FT,Data Analyst,93700,USD,93700,US,100,US,M,Data Analyst,US,US,11.447864140528155,Remoto Total,2
384,2022,EX,FT,Head of Machine Learning,6000000,INR,79039,IN,50,IN,L,Other,IN,IN,11.277709332421749,Híbrido,2
385,2022,SE,FT,Data Engineer,132320,USD,132320,US,100,US,M,Data Engineer,US,US,11.792986067665478,Remoto Total,0
386,2022,EN,FT,Machine Learning Engineer,28500,GBP,37300,GB,100,GB,L,Machine Learning Engineer,GB,GB,10.526775414924009,Remoto Total,1
387,2022,SE,FT,Data Analyst,164000,USD,164000,US,0,US,M,Data Analyst,US,US,12.00762780434872,Presencial,0
388,2022,SE,FT,Data Engineer,155000,USD,155000,US,100,US,M,Data Engineer,US,US,11.951186847493476,Remoto Total,0
389,2022,MI,FT,Machine Learning Engineer,95000,GBP,124333,GB,0,GB,M,Machine Learning Engineer,GB,GB,11.730726771873762,Presencial,2
390,2022,MI,FT,Machine Learning Engineer,75000,GBP,98158,GB,0,GB,M,Machine Learning Engineer,GB,GB,11.49434389188384,Presencial,2
391,2022,MI,FT,AI Scientist,120000,USD,120000,US,0,US,M,Other,US,US,11.695255355062796,Presencial,2
392,2022,SE,FT,Data Analyst,112900,USD,112900,US,100,US,M,Data Analyst,US,US,11.634266607494451,Remoto Total,2
393,2022,SE,FT,Data Analyst,90320,USD,90320,US,100,US,M,Data Analyst,US,US,11.41112527050716,Remoto Total,2
394,2022,SE,FT,Data Analytics Manager,145000,USD,145000,US,100,US,M,Other,US,US,11.884495917930655,Remoto Total,0
395,2022,SE,FT,Data Analytics Manager,105400,USD,105400,US,100,US,M,Other,US,US,11.565527402710426,Remoto Total,2
396,2022,MI,FT,Machine Learning Engineer,80000,EUR,87932,FR,100,DE,M,Machine Learning Engineer,Other,DE,11.384330439839488,Remoto Total,2
397,2022,MI,FT,Data Engineer,90000,GBP,117789,GB,0,GB,M,Data Engineer,GB,GB,11.67665865695283,Presencial,2
398,2022,SE,FT,Data Scientist,215300,USD,215300,US,100,US,L,Data Scientist,US,US,12.279792328023508,Remoto Total,0
399,2022,SE,FT,Data Scientist,158200,USD,158200,US,100,US,L,Data Scientist,US,US,11.971621655408228,Remoto Total,0
400,2022,SE,FT,Data Engineer,209100,USD,209100,US,100,US,L,Data Engineer,US,US,12.250572667806054,Remoto Total,0
401,2022,SE,FT,Data Engineer,154600,USD,154600,US,100,US,L,Data Engineer,US,US,11.948602883419843,Remoto Total,0
402,2022,SE,FT,Data Analyst,115934,USD,115934,US,0,US,M,Data Analyst,US,US,11.66078496820908,Presencial,2
403,2022,SE,FT,Data Analyst,81666,USD,81666,US,0,US,M,Data Analyst,US,US,11.310405282483078,Presencial,2
404,2022,SE,FT,Data Engineer,175000,USD,175000,US,100,US,M,Data Engineer,US,US,12.07254696717504,Remoto Total,0
405,2022,MI,FT,Data Engineer,75000,GBP,98158,GB,0,GB,M,Data Engineer,GB,GB,11.49434389188384,Presencial,2
406,2022,MI,FT,Data Analyst,58000,USD,58000,US,0,US,S,Data Analyst,US,US,10.968215530759236,Presencial,1
407,2022,SE,FT,Data Engineer,183600,USD,183600,US,100,US,L,Data Engineer,US,US,12.120520203776788,Remoto Total,0
408,2022,MI,FT,Data Analyst,40000,GBP,52351,GB,100,GB,M,Data Analyst,GB,GB,10.86574541996242,Remoto Total,1
409,2022,SE,FT,Data Scientist,180000,USD,180000,US,100,US,M,Data Scientist,US,US,12.100717685412471,Remoto Total,0
410,2022,MI,FT,Data Scientist,55000,GBP,71982,GB,0,GB,M,Data Scientist,GB,GB,11.184185259008464,Presencial,1
411,2022,MI,FT,Data Scientist,35000,GBP,45807,GB,0,GB,M,Data Scientist,GB,GB,10.732214027337896,Presencial,1
412,2022,MI,FT,Data Engineer,60000,EUR,65949,GR,100,GR,M,Data Engineer,Other,Other,11.09665215814546,Remoto Total,1
413,2022,MI,FT,Data Engineer,45000,EUR,49461,GR,100,GR,M,Data Engineer,Other,Other,10.808959976974403,Remoto Total,1
414,2022,MI,FT,Data Engineer,60000,GBP,78526,GB,100,GB,M,Data Engineer,GB,GB,11.271197793678173,Remoto Total,2
415,2022,MI,FT,Data Engineer,45000,GBP,58894,GB,100,GB,M,Data Engineer,GB,GB,10.983511476392884,Remoto Total,1
416,2022,SE,FT,Data Scientist,260000,USD,260000,US,100,US,M,Data Scientist,US,US,12.468440756144114,Remoto Total,0
417,2022,SE,FT,Data Science Engineer,60000,USD,60000,AR,100,MX,L,Other,Other,Other,11.002116507732016,Remoto Total,1
418,2022,MI,FT,Data Engineer,63900,USD,63900,US,0,US,M,Data Engineer,US,US,11.065090289695444,Presencial,1
419,2022,MI,FT,Machine Learning Scientist,160000,USD,160000,US,100,US,L,Other,US,US,11.982935344196433,Remoto Total,0
420,2022,MI,FT,Machine Learning Scientist,112300,USD,112300,US,100,US,L,Other,US,US,11.62893804540639,Remoto Total,2
421,2022,MI,FT,Data Science Manager,241000,USD,241000,US,100,US,M,Other,US,US,12.392556361841775,Remoto Total,0
422,2022,MI,FT,Data Science Manager,159000,USD,159000,US,100,US,M,Other,US,US,11.976665770490769,Remoto Total,0
423,2022,SE,FT,Data Scientist,180000,USD,180000,US,0,US,M,Data Scientist,US,US,12.100717685412471,Presencial,0
424,2022,SE,FT,Data Scientist,80000,USD,80000,US,0,US,M,Data Scientist,US,US,11.289794413577894,Presencial,2
425,2022,MI,FT,Data Engineer,82900,USD,82900,US,0,US,M,Data Engineer,US,US,11.325402403776808,Presencial,2
426,2022,SE,FT,Data Engineer,100800,USD,100800,US,100,US,L,Data Engineer,US,US,11.520903555205116,Remoto Total,2
427,2022,MI,FT,Data Engineer,45000,EUR,49461,ES,100,ES,M,Data Engineer,Other,Other,10.808959976974403,Remoto Total,1
428,2022,SE,FT,Data Scientist,140400,USD,140400,US,0,US,L,Data Scientist,US,US,11.852257893055606,Presencial,0
429,2022,MI,FT,Data Analyst,30000,GBP,39263,GB,100,GB,M,Data Analyst,GB,GB,10.578063347510636,Remoto Total,1
430,2022,MI,FT,Data Analyst,40000,EUR,43966,ES,100,ES,M,Data Analyst,Other,Other,10.691194631509694,Remoto Total,1
431,2022,MI,FT,Data Analyst,30000,EUR,32974,ES,100,ES,M,Data Analyst,Other,Other,10.403504977585516,Remoto Total,1
432,2022,MI,FT,Data Engineer,80000,EUR,87932,ES,100,ES,M,Data Engineer,Other,Other,11.384330439839488,Remoto Total,2
433,2022,MI,FT,Data Engineer,70000,EUR,76940,ES,100,ES,M,Data Engineer,Other,Other,11.250794173362452,Remoto Total,1
434,2022,MI,FT,Data Engineer,80000,GBP,104702,GB,100,GB,M,Data Engineer,GB,GB,11.55888304974326,Remoto Total,2
435,2022,MI,FT,Data Engineer,70000,GBP,91614,GB,100,GB,M,Data Engineer,GB,GB,11.425350292714276,Remoto Total,2
436,2022,MI,FT,Data Engineer,60000,EUR,65949,ES,100,ES,M,Data Engineer,Other,Other,11.09665215814546,Remoto Total,1
437,2022,MI,FT,Data Engineer,80000,EUR,87932,GR,100,GR,M,Data Engineer,Other,Other,11.384330439839488,Remoto Total,2
438,2022,SE,FT,Machine Learning Engineer,189650,USD,189650,US,0,US,M,Machine Learning Engineer,US,US,12.15294081997422,Presencial,0
439,2022,SE,FT,Machine Learning Engineer,164996,USD,164996,US,0,US,M,Machine Learning Engineer,US,US,12.013682570899244,Presencial,0
440,2022,MI,FT,Data Analyst,40000,EUR,43966,GR,100,GR,M,Data Analyst,Other,Other,10.691194631509694,Remoto Total,1
441,2022,MI,FT,Data Analyst,30000,EUR,32974,GR,100,GR,M,Data Analyst,Other,Other,10.403504977585516,Remoto Total,1
442,2022,MI,FT,Data Engineer,75000,GBP,98158,GB,100,GB,M,Data Engineer,GB,GB,11.49434389188384,Remoto Total,2
443,2022,MI,FT,Data Engineer,60000,GBP,78526,GB,100,GB,M,Data Engineer,GB,GB,11.271197793678173,Remoto Total,2
444,2022,SE,FT,Data Scientist,215300,USD,215300,US,0,US,L,Data Scientist,US,US,12.279792328023508,Presencial,0
445,2022,MI,FT,Data Engineer,70000,EUR,76940,GR,100,GR,M,Data Engineer,Other,Other,11.250794173362452,Remoto Total,1
446,2022,SE,FT,Data Engineer,209100,USD,209100,US,100,US,L,Data Engineer,US,US,12.250572667806054,Remoto Total,0
447,2022,SE,FT,Data Engineer,154600,USD,154600,US,100,US,L,Data Engineer,US,US,11.948602883419843,Remoto Total,0
448,2022,SE,FT,Data Engineer,180000,USD,180000,US,100,US,M,Data Engineer,US,US,12.100717685412471,Remoto Total,0
449,2022,EN,FT,ML Engineer,20000,EUR,21983,PT,100,PT,L,Other,Other,Other,9.998070195022075,Remoto Total,1
450,2022,SE,FT,Data Engineer,80000,USD,80000,US,100,US,M,Data Engineer,US,US,11.289794413577894,Remoto Total,2
451,2022,MI,FT,Machine Learning Developer,100000,CAD,78791,CA,100,CA,M,Other,CA,CA,11.27456674784954,Remoto Total,2
452,2022,EX,FT,Director of Data Science,250000,CAD,196979,CA,50,CA,L,Other,CA,CA,12.190857479723691,Híbrido,0
453,2022,MI,FT,Machine Learning Engineer,120000,USD,120000,US,100,US,S,Machine Learning Engineer,US,US,11.695255355062796,Remoto Total,2
454,2022,EN,FT,Computer Vision Engineer,125000,USD,125000,US,0,US,M,Other,US,US,11.736077016252436,Presencial,2
455,2022,MI,FT,NLP Engineer,240000,CNY,37236,US,50,US,L,Other,US,US,10.525058169606783,Híbrido,1
456,2022,SE,FT,Data Engineer,105000,USD,105000,US,100,US,M,Data Engineer,US,US,11.561725152903833,Remoto Total,2
457,2022,SE,FT,Lead Machine Learning Engineer,80000,EUR,87932,DE,0,DE,M,Other,DE,DE,11.384330439839488,Presencial,2
458,2022,MI,FT,Business Data Analyst,1400000,INR,18442,IN,100,IN,M,Other,IN,IN,9.822440173682804,Remoto Total,1
459,2022,MI,FT,Data Scientist,2400000,INR,31615,IN,100,IN,L,Data Scientist,IN,IN,10.361418600547594,Remoto Total,1
460,2022,MI,FT,Machine Learning Infrastructure Engineer,53000,EUR,58255,PT,50,PT,L,Other,Other,Other,10.972602370415215,Híbrido,1
461,2022,EN,FT,Financial Data Analyst,100000,USD,100000,US,50,US,L,Other,US,US,11.51293546492023,Híbrido,2
462,2022,MI,PT,Data Engineer,50000,EUR,54957,DE,50,DE,L,Data Engineer,DE,DE,10.914324536132202,Híbrido,1
463,2022,EN,FT,Data Scientist,1400000,INR,18442,IN,100,IN,M,Data Scientist,IN,IN,9.822440173682804,Remoto Total,1
464,2022,SE,FT,Principal Data Scientist,148000,EUR,162674,DE,100,DE,M,Other,DE,DE,11.999509624363183,Remoto Total,0
465,2022,EN,FT,Data Engineer,120000,USD,120000,US,100,US,M,Data Engineer,US,US,11.695255355062796,Remoto Total,2
466,2022,SE,FT,Research Scientist,144000,USD,144000,US,50,US,L,Research Scientist,US,US,11.87757552297847,Híbrido,0
467,2022,SE,FT,Data Scientist,104890,USD,104890,US,100,US,M,Data Scientist,US,US,11.560676994707515,Remoto Total,2
468,2022,SE,FT,Data Engineer,100000,USD,100000,US,100,US,M,Data Engineer,US,US,11.51293546492023,Remoto Total,2
469,2022,SE,FT,Data Scientist,140000,USD,140000,US,100,US,M,Data Scientist,US,US,11.849404844423074,Remoto Total,0
470,2022,MI,FT,Data Analyst,135000,USD,135000,US,100,US,M,Data Analyst,US,US,11.81303746480054,Remoto Total,0
471,2022,MI,FT,Data Analyst,50000,USD,50000,US,100,US,M,Data Analyst,US,US,10.819798284210286,Remoto Total,1
472,2022,SE,FT,Data Scientist,220000,USD,220000,US,100,US,M,Data Scientist,US,US,12.301387370778713,Remoto Total,0
473,2022,SE,FT,Data Scientist,140000,USD,140000,US,100,US,M,Data Scientist,US,US,11.849404844423074,Remoto Total,0
474,2022,MI,FT,Data Scientist,140000,GBP,183228,GB,0,GB,M,Data Scientist,GB,GB,12.11849201563776,Presencial,0
475,2022,MI,FT,Data Scientist,70000,GBP,91614,GB,0,GB,M,Data Scientist,GB,GB,11.425350292714276,Presencial,2
476,2022,SE,FT,Data Scientist,185100,USD,185100,US,100,US,M,Data Scientist,US,US,12.12865690103214,Remoto Total,0
477,2022,SE,FT,Machine Learning Engineer,220000,USD,220000,US,100,US,M,Machine Learning Engineer,US,US,12.301387370778713,Remoto Total,0
478,2022,MI,FT,Data Scientist,200000,USD,200000,US,100,US,M,Data Scientist,US,US,12.206077645517674,Remoto Total,0
479,2022,MI,FT,Data Scientist,120000,USD,120000,US,100,US,M,Data Scientist,US,US,11.695255355062796,Remoto Total,2
480,2022,SE,FT,Machine Learning Engineer,120000,USD,120000,AE,100,AE,S,Machine Learning Engineer,Other,Other,11.695255355062796,Remoto Total,2
481,2022,SE,FT,Machine Learning Engineer,65000,USD,65000,AE,100,AE,S,Machine Learning Engineer,Other,Other,11.082157933374816,Remoto Total,1
482,2022,EX,FT,Data Engineer,324000,USD,324000,US,100,US,M,Data Engineer,US,US,12.688501881189456,Remoto Total,0
483,2022,EX,FT,Data Engineer,216000,USD,216000,US,100,US,M,Data Engineer,US,US,12.283038316285214,Remoto Total,0
484,2022,SE,FT,Data Engineer,210000,USD,210000,US,100,US,M,Data Engineer,US,US,12.25486757159303,Remoto Total,0
485,2022,SE,FT,Machine Learning Engineer,120000,USD,120000,US,100,US,M,Machine Learning Engineer,US,US,11.695255355062796,Remoto Total,2
486,2022,SE,FT,Data Scientist,230000,USD,230000,US,100,US,M,Data Scientist,US,US,12.345838935721968,Remoto Total,0
487,2022,EN,PT,Data Scientist,100000,USD,100000,DZ,50,DZ,M,Data Scientist,Other,Other,11.51293546492023,Híbrido,2
488,2022,MI,FL,Data Scientist,100000,USD,100000,CA,100,US,M,Data Scientist,CA,US,11.51293546492023,Remoto Total,2
489,2022,EN,CT,Applied Machine Learning Scientist,29000,EUR,31875,TN,100,CZ,M,Other,Other,Other,10.36960865451764,Remoto Total,1
490,2022,SE,FT,Head of Data,200000,USD,200000,MY,100,US,M,Other,Other,US,12.206077645517674,Remoto Total,0
491,2022,MI,FT,Principal Data Analyst,75000,USD,75000,CA,100,CA,S,Other,CA,CA,11.225256725762891,Remoto Total,1
492,2022,MI,FT,Data Scientist,150000,PLN,35590,PL,100,PL,L,Data Scientist,Other,Other,10.47984807588978,Remoto Total,1
493,2022,SE,FT,Machine Learning Developer,100000,CAD,78791,CA,100,CA,M,Other,CA,CA,11.27456674784954,Remoto Total,2
494,2022,SE,FT,Data Scientist,100000,USD,100000,BR,100,US,M,Data Scientist,Other,US,11.51293546492023,Remoto Total,2
495,2022,MI,FT,Machine Learning Scientist,153000,USD,153000,US,50,US,M,Other,US,US,11.938199736300923,Híbrido,0
496,2022,EN,FT,Data Engineer,52800,EUR,58035,PK,100,DE,M,Data Engineer,Other,DE,10.968818786635577,Remoto Total,1
497,2022,SE,FT,Data Scientist,165000,USD,165000,US,100,US,M,Data Scientist,US,US,12.013706813470414,Remoto Total,0
498,2022,SE,FT,Research Scientist,85000,EUR,93427,FR,50,FR,L,Research Scientist,Other,Other,11.444946365157367,Híbrido,2
499,2022,EN,FT,Data Scientist,66500,CAD,52396,CA,100,CA,L,Data Scientist,CA,CA,10.866604616761784,Remoto Total,1
500,2022,SE,FT,Machine Learning Engineer,57000,EUR,62651,NL,100,NL,L,Machine Learning Engineer,Other,Other,11.045350883198552,Remoto Total,1
501,2022,MI,FT,Head of Data,30000,EUR,32974,EE,100,EE,S,Other,Other,Other,10.403504977585516,Remoto Total,1
502,2022,EN,FT,Data Scientist,40000,USD,40000,JP,100,MY,L,Data Scientist,Other,Other,10.59665973278358,Remoto Total,1
503,2022,MI,FT,Machine Learning Engineer,121000,AUD,87425,AU,100,AU,L,Machine Learning Engineer,Other,Other,11.37854800024191,Remoto Total,2
504,2022,SE,FT,Data Engineer,115000,USD,115000,US,100,US,M,Data Engineer,US,US,11.652696102959752,Remoto Total,2
505,2022,EN,FT,Data Scientist,120000,AUD,86703,AU,50,AU,M,Data Scientist,Other,Other,11.370255297805896,Híbrido,2
506,2022,MI,FT,Applied Machine Learning Scientist,75000,USD,75000,BO,100,US,L,Other,Other,US,11.225256725762891,Remoto Total,1
507,2022,MI,FT,Research Scientist,59000,EUR,64849,AT,0,AT,L,Research Scientist,Other,Other,11.07983218974459,Presencial,1
508,2022,EN,FT,Research Scientist,120000,USD,120000,US,100,US,L,Research Scientist,US,US,11.695255355062796,Remoto Total,2
509,2022,MI,FT,Applied Data Scientist,157000,USD,157000,US,100,US,L,Other,US,US,11.964007453736912,Remoto Total,0
510,2022,EN,FT,Computer Vision Software Engineer,150000,USD,150000,AU,100,AU,S,Other,Other,Other,11.918397239722838,Remoto Total,0
511,2022,MI,FT,Business Data Analyst,90000,CAD,70912,CA,50,CA,L,Other,CA,CA,11.169209052553027,Híbrido,1
512,2022,EN,FT,Data Engineer,65000,USD,65000,US,100,US,S,Data Engineer,US,US,11.082157933374816,Remoto Total,1
513,2022,SE,FT,Machine Learning Engineer,65000,EUR,71444,IE,100,IE,S,Machine Learning Engineer,Other,Other,11.17668320190307,Remoto Total,1
514,2022,EN,FT,Data Analytics Engineer,20000,USD,20000,PK,0,PK,M,Other,Other,Other,9.90353755128617,Presencial,1
515,2022,MI,FT,Data Scientist,48000,USD,48000,RU,100,US,S,Data Scientist,Other,US,10.778977123006351,Remoto Total,1
516,2022,SE,FT,Data Science Manager,152500,USD,152500,US,100,US,M,Other,US,US,11.934926432385152,Remoto Total,0
517,2022,MI,FT,Data Engineer,62000,EUR,68147,FR,100,FR,M,Data Engineer,Other,Other,11.129437089665434,Remoto Total,1
518,2022,MI,FT,Data Scientist,115000,CHF,122346,CH,0,CH,L,Data Scientist,Other,Other,11.714616548750014,Presencial,2
519,2022,SE,FT,Applied Data Scientist,380000,USD,380000,US,100,US,L,Other,US,US,12.847929163278051,Remoto Total,0
520,2022,MI,FT,Data Scientist,88000,CAD,69336,CA,100,CA,M,Data Scientist,CA,CA,11.146733953232388,Remoto Total,1
521,2022,EN,FT,Computer Vision Engineer,10000,USD,10000,PT,100,LU,M,Other,Other,Other,9.210440366976515,Remoto Total,1
522,2022,MI,FT,Data Analyst,20000,USD,20000,GR,100,GR,S,Data Analyst,Other,Other,9.90353755128617,Remoto Total,1
523,2022,SE,FT,Data Analytics Lead,405000,USD,405000,US,100,US,L,Other,US,US,12.91164481522143,Remoto Total,0
524,2022,MI,FT,Data Scientist,135000,USD,135000,US,100,US,L,Data Scientist,US,US,11.81303746480054,Remoto Total,0
525,2022,SE,FT,Applied Data Scientist,177000,USD,177000,US,100,US,L,Other,US,US,12.08391066125752,Remoto Total,0
526,2022,MI,FT,Data Scientist,78000,USD,78000,US,100,US,M,Data Scientist,US,US,11.264476926102368,Remoto Total,2
527,2022,SE,FT,Data Analyst,135000,USD,135000,US,100,US,M,Data Analyst,US,US,11.81303746480054,Remoto Total,0
528,2022,SE,FT,Data Analyst,100000,USD,100000,US,100,US,M,Data Analyst,US,US,11.51293546492023,Remoto Total,2
529,2022,SE,FT,Data Analyst,90320,USD,90320,US,100,US,M,Data Analyst,US,US,11.41112527050716,Remoto Total,2
530,2022,MI,FT,Data Analyst,85000,USD,85000,CA,0,CA,M,Data Analyst,CA,CA,11.350418300109132,Presencial,2
531,2022,MI,FT,Data Analyst,75000,USD,75000,CA,0,CA,M,Data Analyst,CA,CA,11.225256725762891,Presencial,1
532,2022,SE,FT,Machine Learning Engineer,214000,USD,214000,US,100,US,M,Machine Learning Engineer,US,US,12.273735966890268,Remoto Total,0
533,2022,SE,FT,Machine Learning Engineer,192600,USD,192600,US,100,US,M,Machine Learning Engineer,US,US,12.16837597044068,Remoto Total,0
534,2022,SE,FT,Data Architect,266400,USD,266400,US,100,US,M,Other,US,US,12.49275797139508,Remoto Total,0
535,2022,SE,FT,Data Architect,213120,USD,213120,US,100,US,M,Other,US,US,12.269615358515344,Remoto Total,0
536,2022,SE,FT,Data Analyst,112900,USD,112900,US,100,US,M,Data Analyst,US,US,11.634266607494451,Remoto Total,2
537,2022,SE,FT,Data Engineer,155000,USD,155000,US,100,US,M,Data Engineer,US,US,11.951186847493476,Remoto Total,0
538,2022,MI,FT,Data Scientist,141300,USD,141300,US,0,US,M,Data Scientist,US,US,11.85864764578841,Presencial,0
539,2022,MI,FT,Data Scientist,102100,USD,102100,US,0,US,M,Data Scientist,US,US,11.533717798424089,Presencial,2
540,2022,SE,FT,Data Analyst,115934,USD,115934,US,100,US,M,Data Analyst,US,US,11.66078496820908,Remoto Total,2
541,2022,SE,FT,Data Analyst,81666,USD,81666,US,100,US,M,Data Analyst,US,US,11.310405282483078,Remoto Total,2
542,2022,MI,FT,Data Engineer,206699,USD,206699,US,0,US,M,Data Engineer,US,US,12.23902374566986,Presencial,0
543,2022,MI,FT,Data Engineer,99100,USD,99100,US,0,US,M,Data Engineer,US,US,11.503894811084525,Presencial,2
544,2022,SE,FT,Data Engineer,130000,USD,130000,US,100,US,M,Data Engineer,US,US,11.775297421715829,Remoto Total,2
545,2022,SE,FT,Data Engineer,115000,USD,115000,US,100,US,M,Data Engineer,US,US,11.652696102959752,Remoto Total,2
546,2022,SE,FT,Data Engineer,110500,USD,110500,US,100,US,M,Data Engineer,US,US,11.612779849672751,Remoto Total,2
547,2022,SE,FT,Data Engineer,130000,USD,130000,US,100,US,M,Data Engineer,US,US,11.775297421715829,Remoto Total,2
548,2022,SE,FT,Data Analyst,99050,USD,99050,US,100,US,M,Data Analyst,US,US,11.50339014798689,Remoto Total,2
549,2022,SE,FT,Data Engineer,160000,USD,160000,US,100,US,M,Data Engineer,US,US,11.982935344196433,Remoto Total,0
550,2022,SE,FT,Data Scientist,205300,USD,205300,US,0,US,L,Data Scientist,US,US,12.232232473915769,Presencial,0
551,2022,SE,FT,Data Scientist,140400,USD,140400,US,0,US,L,Data Scientist,US,US,11.852257893055606,Presencial,0
552,2022,SE,FT,Data Scientist,176000,USD,176000,US,100,US,M,Data Scientist,US,US,12.07824495582233,Remoto Total,0
553,2022,SE,FT,Data Scientist,144000,USD,144000,US,100,US,M,Data Scientist,US,US,11.87757552297847,Remoto Total,0
554,2022,SE,FT,Data Engineer,200100,USD,200100,US,100,US,M,Data Engineer,US,US,12.206577518060588,Remoto Total,0
555,2022,SE,FT,Data Engineer,160000,USD,160000,US,100,US,M,Data Engineer,US,US,11.982935344196433,Remoto Total,0
556,2022,SE,FT,Data Engineer,145000,USD,145000,US,100,US,M,Data Engineer,US,US,11.884495917930655,Remoto Total,0
557,2022,SE,FT,Data Engineer,70500,USD,70500,US,0,US,M,Data Engineer,US,US,11.163382173096926,Presencial,1
558,2022,SE,FT,Data Scientist,205300,USD,205300,US,0,US,M,Data Scientist,US,US,12.232232473915769,Presencial,0
559,2022,SE,FT,Data Scientist,140400,USD,140400,US,0,US,M,Data Scientist,US,US,11.852257893055606,Presencial,0
560,2022,SE,FT,Analytics Engineer,205300,USD,205300,US,0,US,M,Other,US,US,12.232232473915769,Presencial,0
561,2022,SE,FT,Analytics Engineer,184700,USD,184700,US,0,US,M,Other,US,US,12.12649358035784,Presencial,0
562,2022,SE,FT,Data Engineer,175100,USD,175100,US,100,US,M,Data Engineer,US,US,12.073118229279908,Remoto Total,0
563,2022,SE,FT,Data Engineer,140250,USD,140250,US,100,US,M,Data Engineer,US,US,11.8511889534843,Remoto Total,0
564,2022,SE,FT,Data Analyst,116150,USD,116150,US,100,US,M,Data Analyst,US,US,11.6626463477181,Remoto Total,2
565,2022,SE,FT,Data Engineer,54000,USD,54000,US,0,US,M,Data Engineer,US,US,10.896757843893464,Presencial,1
566,2022,SE,FT,Data Analyst,170000,USD,170000,US,100,US,M,Data Analyst,US,US,12.04355959836804,Remoto Total,0
567,2022,MI,FT,Data Analyst,50000,GBP,65438,GB,0,GB,M,Data Analyst,GB,GB,11.088873689986276,Presencial,1
568,2022,SE,FT,Data Analyst,80000,USD,80000,US,100,US,M,Data Analyst,US,US,11.289794413577894,Remoto Total,2
569,2022,SE,FT,Data Scientist,140000,USD,140000,US,100,US,M,Data Scientist,US,US,11.849404844423074,Remoto Total,0
570,2022,SE,FT,Data Scientist,210000,USD,210000,US,100,US,M,Data Scientist,US,US,12.25486757159303,Remoto Total,0
571,2022,SE,FT,Data Scientist,140000,USD,140000,US,100,US,M,Data Scientist,US,US,11.849404844423074,Remoto Total,0
572,2022,SE,FT,Data Analyst,100000,USD,100000,US,100,US,M,Data Analyst,US,US,11.51293546492023,Remoto Total,2
573,2022,SE,FT,Data Analyst,69000,USD,69000,US,100,US,M,Data Analyst,US,US,11.141876276228,Remoto Total,1
574,2022,SE,FT,Data Scientist,210000,USD,210000,US,100,US,M,Data Scientist,US,US,12.25486757159303,Remoto Total,0
575,2022,SE,FT,Data Scientist,140000,USD,140000,US,100,US,M,Data Scientist,US,US,11.849404844423074,Remoto Total,0
576,2022,SE,FT,Data Scientist,210000,USD,210000,US,100,US,M,Data Scientist,US,US,12.25486757159303,Remoto Total,0
577,2022,SE,FT,Data Analyst,150075,USD,150075,US,100,US,M,Data Analyst,US,US,11.918897111432845,Remoto Total,0
578,2022,SE,FT,Data Engineer,100000,USD,100000,US,100,US,M,Data Engineer,US,US,11.51293546492023,Remoto Total,2
579,2022,SE,FT,Data Engineer,25000,USD,25000,US,100,US,M,Data Engineer,US,US,10.12667110305036,Remoto Total,1
580,2022,SE,FT,Data Analyst,126500,USD,126500,US,100,US,M,Data Analyst,US,US,11.748005492256809,Remoto Total,2
581,2022,SE,FT,Data Analyst,106260,USD,106260,US,100,US,M,Data Analyst,US,US,11.573653610839628,Remoto Total,2
582,2022,SE,FT,Data Engineer,220110,USD,220110,US,100,US,M,Data Engineer,US,US,12.301887243548784,Remoto Total,0
583,2022,SE,FT,Data Engineer,160080,USD,160080,US,100,US,M,Data Engineer,US,US,11.983435216114666,Remoto Total,0
584,2022,SE,FT,Data Analyst,105000,USD,105000,US,100,US,M,Data Analyst,US,US,11.561725152903833,Remoto Total,2
585,2022,SE,FT,Data Analyst,110925,USD,110925,US,100,US,M,Data Analyst,US,US,11.616618591306768,Remoto Total,2
586,2022,MI,FT,Data Analyst,35000,GBP,45807,GB,0,GB,M,Data Analyst,GB,GB,10.732214027337896,Presencial,1
587,2022,SE,FT,Data Scientist,140000,USD,140000,US,100,US,M,Data Scientist,US,US,11.849404844423074,Remoto Total,0
588,2022,SE,FT,Data Analyst,99000,USD,99000,US,0,US,M,Data Analyst,US,US,11.502885230075814,Presencial,2
589,2022,SE,FT,Data Analyst,60000,USD,60000,US,100,US,M,Data Analyst,US,US,11.002116507732016,Remoto Total,1
590,2022,SE,FT,Data Architect,192564,USD,192564,US,100,US,M,Other,US,US,12.16818903805254,Remoto Total,0
591,2022,SE,FT,Data Architect,144854,USD,144854,US,100,US,M,Other,US,US,11.883488521069127,Remoto Total,0
592,2022,SE,FT,Data Scientist,230000,USD,230000,US,100,US,M,Data Scientist,US,US,12.345838935721968,Remoto Total,0
593,2022,SE,FT,Data Scientist,150000,USD,150000,US,100,US,M,Data Scientist,US,US,11.918397239722838,Remoto Total,0
594,2022,SE,FT,Data Analytics Manager,150260,USD,150260,US,100,US,M,Other,US,US,11.920129061032112,Remoto Total,0
595,2022,SE,FT,Data Analytics Manager,109280,USD,109280,US,100,US,M,Other,US,US,11.60167782556802,Remoto Total,2
596,2022,SE,FT,Data Scientist,210000,USD,210000,US,100,US,M,Data Scientist,US,US,12.25486757159303,Remoto Total,0
597,2022,SE,FT,Data Analyst,170000,USD,170000,US,100,US,M,Data Analyst,US,US,12.04355959836804,Remoto Total,0
598,2022,MI,FT,Data Scientist,160000,USD,160000,US,100,US,M,Data Scientist,US,US,11.982935344196433,Remoto Total,0
599,2022,MI,FT,Data Scientist,130000,USD,130000,US,100,US,M,Data Scientist,US,US,11.775297421715829,Remoto Total,2
600,2022,EN,FT,Data Analyst,67000,USD,67000,CA,0,CA,M,Data Analyst,CA,CA,11.112462823634855,Presencial,1
601,2022,EN,FT,Data Analyst,52000,USD,52000,CA,0,CA,M,Data Analyst,CA,CA,10.859018228147889,Presencial,1
602,2022,SE,FT,Data Engineer,154000,USD,154000,US,100,US,M,Data Engineer,US,US,11.944714374881176,Remoto Total,0
603,2022,SE,FT,Data Engineer,126000,USD,126000,US,100,US,M,Data Engineer,US,US,11.744045122410055,Remoto Total,2
604,2022,SE,FT,Data Analyst,129000,USD,129000,US,0,US,M,Data Analyst,US,US,11.767575435251748,Presencial,2
605,2022,SE,FT,Data Analyst,150000,USD,150000,US,100,US,M,Data Analyst,US,US,11.918397239722838,Remoto Total,0
606,2022,MI,FT,AI Scientist,200000,USD,200000,IN,100,US,L,Other,IN,US,12.206077645517674,Remoto Total,0
